skucode,count
FXN-DOGM30,0
FXG-BREM,0
FXN-PBNM50,0
FXG-LIPPUCH,0
FXN-ACGL15,0
FXG-JWORG,0
FPF-VTCS10,0
FXN-GCNS30,0
FXN-EXBW250,0
FXG-CSBS25,0
FXN-HYDS30,0
FPF-SSRM12,0
FXN-PMTS50-S3,0
FXN-MSZR50,0
FPF-GHGS12,0
FXN-AOFM100,0
FPF-LSGM15,0
FXG-NRLO2,0
FXG-GSBM8,0
FXN-ESFW100,0
FPF-POBM15,0
FPF-SSMT15,0
FXT-BRBL10,0
FXN-RTFS30,0
FXN-OAFW100,0
FXN-FSFP50,0
FPF-RTNL10,0
FXG-SVBM10,0
FXT-CLSR15,0
FXN-CLSR100,0
FXN-VTCS30,0
FXN-BSPC100,0
FXN-ESMZ100,0
FXN-ESDS50,0
FXG-VDCHP,0
FXG-PUCH-HOLO,0
HHN-IHBW250,0
FXG-MPKIT,0
FXG-PRON,0
FXP-BOX1500,0
FXN-VTCS30-O,0
FXP-ORN2,0
FXG-MKST,0
FXN-BRBW15,0
FXP-FOXTAPE,0
FXG-HDBAND,0
FXN-EXBW250-O,0
FXG-RNCO5,0
FPF-DOGM10,0
FXP-BOX250,0
FXN-ESDM01,0
FXN-ESNM01,0
FXG-ICEROLLER,0
FPF-CLSR30,0
FXG-PFRILLPOUCH,0
HHN-BROA50,0
FPF-MSZR15,0
FXG-STLC5,0
FPF-SSDY15,0
FXG-ELCUR,0
FXP-TYCARDFORB,0
FXN-FSFP10,0
FXG-SSBP8,0
FXP-BOXBS1500,0
FXP-TXCFOXXHH,0
FXP-ORN3,0
FXP-CLSR5,0
FXP-BOXBS250,0
FXP-TYCARDIGD,0
FXP-BOXBS1000,0
FXP-TYCARDEIS,0
FXP-BOXBS500,0
FXN-BRBL200,0
FXN-PMTS50-S2,0
FPF-DINS10,0
FXN-ABES30,0
FXN-STET150,0
FXN-LBCG12,0
FXN-NLSM12,0
FXN-PMTS50-S4,0
FXN-CPAC100,0
FXN-PMTS50-S5,0
FXN-HYBL200,0
FXN-PMTS50-S6,0
FXN-BRBW250,0
FXT-HYBL10,0
FXN-MWSR30,0
FXN-HYBW250,0
FXN-OAFW150,0
FXT-ESMZ10,0
FXN-POBM50,0
FXG-VSHC15,0
FXG-PPLM5,0
FXN-DMTM150,0
FXN-OSRC50,0
FXN-PMTS50-S1,0
FXN-LBPG12,0
FXN-LBRG12,0
FXN-BUEC20,0
FXN-SSDY50,0
FPF-DMTM15,0
FXT-GHGS10,0
FXN-SGFW100,0
FXN-LBMG12,0
FXT-LSGM10,0
FXN-RTNL30,0
FXN-SGFW150,0
FXN-SSMT50,0
FXN-DINS30,0
FXN-MCCM75,0
FXN-ESDS80,0
FXN-LSGM50,0
FXN-GVBS30,0
FXT-SGFW15,0
FXN-SSRM75,0
FXC-HHSS-3,0
